time,price
08:00:00.000001,0.0
14:27:30.837000,530.1
14:27:32.039000,530.2
14:27:32.940000,530.2
14:27:33.840000,530.2
14:27:34.591000,530.2
14:27:35.642000,530.2
14:27:36.993000,530.2
14:27:37.832000,530.1
14:27:39.096000,530.2
14:27:39.546000,530.1
14:27:40.596000,530.1
14:27:41.948000,530.1
14:27:42.998000,530.1
14:27:43.899000,530.0
14:27:45.187000,530.1
14:27:46.151000,530.1
14:27:47.052000,530.1
14:27:47.202000,530.1
14:27:49.154000,530.0
14:27:49.904000,530.0
14:27:50.955000,530.0
14:27:50.955000,530.0
14:27:52.456000,530.0
14:27:53.808000,530.0
14:27:55.008000,530.0
14:27:55.008000,530.0
14:27:57.196000,529.9
14:27:58.162000,529.9
14:27:59.062000,529.9
14:27:59.963000,529.9
14:28:00.564000,529.9
14:28:02.215000,529.9
14:28:03.268000,529.9
14:28:04.018000,529.8
14:28:04.402000,529.8
14:28:06.120000,529.8
14:28:07.171000,529.8
14:28:08.222000,529.8
14:28:09.123000,529.8
14:28:10.174000,529.7
14:28:11.308000,529.6
14:28:12.275000,529.6
14:28:13.326000,529.6
14:28:14.077000,529.6
14:28:15.278000,529.6
14:28:16.411000,529.6
14:28:16.480000,529.6
14:28:18.280000,529.6
14:28:18.280000,529.6
14:28:20.082000,529.6
14:28:21.283000,529.6
14:28:22.334000,529.6
14:28:23.316000,529.6
14:28:24.219000,529.6
14:28:25.186000,529.6
14:28:26.237000,529.6
14:28:26.237000,529.6
14:28:26.237000,529.6
14:28:29.320000,529.6
14:28:30.291000,529.6
14:28:31.342000,529.6
14:28:31.721000,529.6
14:28:33.143000,529.6
14:28:34.273000,529.6
14:28:35.095000,529.6
14:28:36.296000,529.6
14:28:36.746000,529.6
14:28:36.746000,529.6
14:28:36.746000,529.6
14:28:40.049000,529.6
14:28:40.049000,529.6
14:28:40.049000,529.6
14:28:40.049000,529.5
14:28:44.553000,529.5
14:28:45.303000,529.5
14:28:46.581000,529.4
14:28:47.105000,529.4
14:28:48.233000,529.4
14:28:49.433000,529.4
14:28:50.558000,529.4
14:28:51.609000,529.4
14:28:52.435000,529.4
14:28:53.110000,529.4
14:28:54.236000,529.4
14:28:55.663000,529.4
14:28:56.263000,529.4
14:28:57.538000,529.4
14:28:58.665000,529.4
14:28:58.665000,529.4
14:29:00.617000,529.5
14:29:01.368000,529.5
14:29:02.642000,529.4
14:29:03.170000,529.4
14:29:04.371000,529.4
14:29:05.494000,529.4
14:29:06.473000,529.4
14:29:06.473000,529.4
14:29:08.575000,529.4
14:29:09.697000,529.4
14:29:09.697000,529.4
14:29:11.499000,529.3
14:29:12.700000,529.3
14:29:13.750000,529.3
14:29:14.801000,529.2
14:29:15.781000,529.2
14:29:16.902000,529.2
14:29:17.583000,529.2
14:29:18.634000,529.2
14:29:19.084000,529.2
14:29:20.585000,529.2
14:29:21.636000,529.2
14:29:22.837000,529.2
14:29:23.737000,529.2
14:29:24.338000,529.2
14:29:25.540000,529.3
14:29:26.208000,529.3
14:29:27.191000,529.3
14:29:28.759000,529.2
14:29:29.810000,529.2
14:29:30.411000,529.2
14:29:31.095000,529.2
14:29:32.596000,529.2
14:29:33.797000,529.2
14:29:34.848000,529.2
14:29:36.049000,529.2
14:29:37.100000,529.1
14:29:37.915000,529.1
14:29:38.902000,529.2
14:29:40.103000,529.2
14:29:41.004000,529.1
14:29:42.054000,529.1
14:29:42.355000,529.1
14:29:43.706000,529.1
14:29:45.123000,529.2
14:29:46.111000,529.2
14:29:47.012000,529.2
14:29:48.213000,529.2
14:29:48.964000,529.2
14:29:50.226000,529.2
14:29:50.916000,529.1
14:29:52.117000,529.1
14:29:52.867000,529.1
14:29:52.867000,529.1
14:29:54.969000,529.1
14:29:54.969000,529.1
14:29:57.221000,529.0
14:29:58.122000,529.0
14:29:58.782000,529.0
14:30:00.226000,529.1
14:30:00.826000,529.1
14:30:02.328000,529.1
14:30:02.628000,529.1
14:30:03.979000,529.2
14:30:04.730000,529.2
14:30:05.931000,529.2
14:30:05.931000,529.2
14:30:08.334000,529.2
14:30:09.140000,529.2
14:30:10.286000,529.2
14:30:11.186000,529.1
14:30:11.637000,529.1
14:30:13.344000,529.2
14:30:13.889000,529.2
14:30:14.544000,529.2
14:30:16.141000,529.2
14:30:17.343000,529.2
14:30:18.244000,529.2
14:30:18.845000,529.2
14:30:20.196000,529.2
14:30:20.196000,529.2
14:30:22.201000,529.2
14:30:22.748000,529.2
14:30:23.950000,529.2
14:30:24.700000,529.2
14:30:25.803000,529.2
14:30:27.004000,529.2
14:30:28.355000,529.2
14:30:29.106000,529.2
14:30:29.805000,529.2
14:30:30.706000,529.2
14:30:31.957000,529.2
14:30:33.559000,529.2
14:30:34.010000,529.2
14:30:35.562000,529.2
14:30:36.611000,529.2
14:30:37.313000,529.2
14:30:38.514000,529.1
14:30:38.514000,529.1
14:30:40.315000,529.1
14:30:40.315000,529.1
14:30:42.117000,529.1
14:30:43.619000,529.2
14:30:44.669000,529.2
14:30:45.571000,529.2
14:30:46.517000,529.2
14:30:47.222000,529.2
14:30:48.723000,529.1
14:30:49.669000,529.1
14:30:50.375000,529.1
14:30:50.975000,529.1
14:30:52.221000,529.1
14:30:53.678000,529.1
14:30:54.772000,529.1
14:30:55.823000,529.2
14:30:56.724000,529.2
14:30:57.625000,529.2
14:30:58.782000,529.2
14:30:59.233000,529.2
14:31:00.885000,529.2
14:31:01.936000,529.2
14:31:02.837000,529.2
14:31:03.784000,529.4
14:31:04.941000,529.3
14:31:05.692000,529.3
14:31:06.893000,529.3
14:31:06.893000,529.3
14:31:08.734000,529.3
14:31:09.446000,529.3
14:31:09.446000,529.3
14:31:11.548000,529.3
14:31:12.637000,529.3
14:31:13.950000,529.3
14:31:14.701000,529.3
14:31:15.753000,529.3
14:31:16.955000,529.3
14:31:17.855000,529.3
14:31:17.855000,529.3
14:31:19.206000,529.3
14:31:19.206000,529.3
14:31:21.793000,529.3
14:31:22.359000,529.3
14:31:24.011000,529.3
14:31:24.311000,529.3
14:31:26.146000,529.3
14:31:26.863000,529.3
14:31:27.647000,529.3
14:31:29.148000,529.4
14:31:30.166000,529.6
14:31:30.770000,529.6
14:31:31.520000,529.6
14:31:33.051000,529.6
14:31:33.923000,529.6
14:31:34.823000,529.6
14:31:34.823000,529.6
14:31:37.226000,529.6
14:31:37.977000,529.6
14:31:38.577000,529.6
14:31:40.229000,529.6
14:31:41.280000,529.6
14:31:42.181000,529.6
14:31:43.381000,529.6
14:31:44.283000,529.6
14:31:45.208000,529.8
14:31:46.234000,529.8
14:31:47.285000,529.8
14:31:48.361000,529.8
14:31:48.937000,529.8
14:31:49.688000,529.8
14:31:51.213000,529.8
14:31:52.413000,529.7
14:31:53.314000,529.7
14:31:53.592000,529.7
14:31:55.393000,529.7
14:31:56.144000,529.7
14:31:57.345000,529.7
14:31:58.396000,529.6
14:31:59.468000,529.7
14:32:00.499000,529.6
14:32:01.270000,529.6
14:32:01.699000,529.6
14:32:03.501000,529.6
14:32:04.122000,529.6
14:32:05.453000,529.6
14:32:05.622000,529.6
14:32:07.555000,529.6
14:32:08.606000,529.6
14:32:09.507000,529.5
14:32:10.558000,529.5
14:32:11.609000,529.5
14:32:12.510000,529.5
14:32:13.711000,529.4
14:32:13.861000,529.4
14:32:15.679000,529.4
14:32:16.714000,529.4
14:32:17.631000,529.1
14:32:18.516000,529.1
14:32:19.718000,529.3
14:32:20.468000,529.3
14:32:21.833000,529.3
14:32:22.434000,529.3
14:32:23.771000,529.2
14:32:23.771000,529.2
14:32:25.123000,529.2
14:32:26.625000,529.2
14:32:26.625000,529.2
14:32:28.727000,529.2
14:32:28.877000,529.2
14:32:30.529000,529.2
14:32:31.730000,529.2
14:32:32.790000,529.2
14:32:33.841000,529.2
14:32:34.741000,529.3
14:32:35.483000,529.4
14:32:36.084000,529.4
14:32:37.885000,529.4
14:32:38.795000,529.4
14:32:39.695000,529.5
14:32:40.889000,529.5
14:32:41.639000,529.5
14:32:42.698000,529.5
14:32:43.291000,529.5
14:32:44.499000,529.5
14:32:45.542000,529.5
14:32:46.750000,529.4
14:32:47.644000,529.4
14:32:48.695000,529.4
14:32:49.446000,529.4
14:32:50.647000,529.4
14:32:51.398000,529.4
14:32:51.398000,529.4
14:32:54.105000,529.4
14:32:54.855000,529.4
14:32:55.902000,529.4
14:32:56.352000,529.4
14:32:56.352000,529.4
14:32:56.352000,529.4
14:32:59.507000,529.4
14:33:00.558000,529.5
14:33:02.058000,529.5
14:33:03.110000,529.5
14:33:04.161000,529.5
14:33:05.064000,529.5
14:33:05.962000,529.5
14:33:06.863000,529.5
14:33:08.065000,529.5
14:33:08.664000,529.5
14:33:10.167000,529.5
14:33:10.617000,529.5
14:33:11.968000,529.5
14:33:12.869000,529.5
14:33:13.319000,529.5
14:33:14.971000,529.5
14:33:15.721000,529.5
14:33:16.472000,529.5
14:33:17.973000,529.5
14:33:19.175000,529.5
14:33:20.225000,529.5
14:33:20.826000,529.4
14:33:22.177000,529.5
14:33:23.378000,529.5
14:33:23.678000,529.5
14:33:25.480000,529.4
14:33:25.480000,529.4
14:33:27.131000,529.4
14:33:27.131000,529.4
14:33:29.233000,529.4
14:33:29.684000,529.4
14:33:31.485000,529.4
14:33:32.086000,529.4
14:33:33.442000,529.5
14:33:34.489000,529.2
14:33:35.540000,529.5
14:33:36.291000,529.5
14:33:37.486000,529.4
14:33:38.545000,529.4
14:33:39.596000,529.3
14:33:40.497000,529.3
14:33:41.398000,529.3
14:33:42.299000,529.3
14:33:43.500000,529.3
14:33:44.401000,529.3
14:33:45.152000,529.3
14:33:45.753000,529.3
14:33:45.753000,529.3
14:33:45.753000,529.3
14:33:45.753000,529.3
14:33:50.557000,529.3
14:33:51.458000,529.3
14:33:51.758000,529.3
14:33:53.710000,529.2
14:33:54.611000,529.2
14:33:55.050000,529.2
14:33:56.401000,529.2
14:33:57.752000,529.2
14:33:58.665000,529.2
14:33:59.403000,529.2
14:34:00.316000,529.2
14:34:01.818000,529.2
14:34:02.706000,529.2
14:34:03.607000,529.2
14:34:04.821000,529.3
14:34:05.859000,529.3
14:34:06.759000,529.3
14:34:07.660000,529.2
14:34:08.275000,529.2
14:34:09.911000,529.2
14:34:10.827000,529.2
14:34:11.713000,529.2
14:34:12.929000,529.3
14:34:13.679000,529.3
14:34:14.880000,529.3
14:34:15.781000,529.3
14:34:16.832000,529.2
14:34:17.568000,529.3
14:34:18.183000,529.2
14:34:18.183000,529.2
14:34:20.870000,529.2
14:34:22.073000,529.1
14:34:22.991000,529.0
14:34:23.892000,529.0
14:34:24.943000,529.0
14:34:25.844000,529.0
14:34:26.595000,529.0
14:34:27.495000,529.0
14:34:28.997000,528.8
14:34:29.748000,528.8
14:34:30.949000,528.9
14:34:32.130000,528.8
14:34:33.052000,528.8
14:34:33.352000,528.8
14:34:35.132000,528.8
14:34:35.754000,528.8
14:34:35.754000,528.8
14:34:38.157000,528.8
14:34:39.058000,528.8
14:34:40.109000,528.7
14:34:41.159000,528.6
14:34:41.887000,528.6
14:34:42.811000,528.6
14:34:44.012000,528.6
14:34:45.064000,528.5
14:34:46.115000,528.7
14:34:46.866000,528.5
14:34:47.616000,528.5
14:34:48.968000,528.5
14:34:49.868000,528.5
14:34:51.070000,528.5
14:34:51.670000,528.5
14:34:51.670000,528.5
14:34:54.223000,528.5
14:34:54.974000,528.5
14:34:56.175000,528.5
14:34:56.625000,528.5
14:34:58.277000,528.5
14:34:59.328000,528.5
14:35:00.380000,528.5
14:35:00.980000,528.5
14:35:01.732000,528.5
14:35:03.383000,528.5
14:35:03.984000,528.5
14:35:05.335000,528.5
14:35:06.391000,528.5
14:35:07.290000,528.5
14:35:08.342000,528.4
14:35:09.242000,528.4
14:35:09.844000,528.4
14:35:11.195000,528.4
14:35:12.397000,528.4
14:35:13.447000,528.4
14:35:14.313000,528.3
14:35:15.400000,528.4
14:35:16.114000,528.4
14:35:17.165000,528.3
14:35:18.103000,528.3
14:35:19.155000,528.3
14:35:20.507000,528.3
14:35:21.107000,528.3
14:35:22.308000,528.3
14:35:23.660000,528.3
14:35:24.561000,528.3
14:35:25.011000,528.3
14:35:26.022000,528.4
14:35:27.523000,528.3
14:35:28.315000,528.3
14:35:29.667000,528.3
14:35:30.417000,528.3
14:35:31.619000,528.2
14:35:32.520000,528.4
14:35:32.520000,528.4
14:35:34.473000,528.4
14:35:35.524000,528.4
14:35:35.524000,528.5
14:35:37.626000,528.5
14:35:37.626000,528.5
14:35:39.727000,528.4
14:35:39.727000,528.4
14:35:41.379000,528.4
14:35:41.980000,528.4
14:35:43.735000,528.4
14:35:44.682000,528.4
14:35:45.584000,528.4
14:35:46.184000,528.5
14:35:46.184000,528.5
14:35:48.736000,528.5
14:35:49.788000,528.4
14:35:50.789000,528.4
14:35:51.890000,528.6
14:35:52.741000,528.6
14:35:53.491000,528.6
14:35:54.842000,528.6
14:35:55.293000,528.6
14:35:56.794000,528.6
14:35:56.995000,528.6
14:35:58.946000,528.5
14:35:59.848000,528.5
14:36:00.997000,528.6
14:36:01.950000,528.6
14:36:03.002000,528.6
14:36:03.752000,528.6
14:36:04.954000,528.7
14:36:05.704000,528.7
14:36:06.606000,528.7
14:36:07.506000,528.7
14:36:08.557000,528.7
14:36:09.608000,528.8
14:36:11.054000,528.8
14:36:11.054000,528.8
14:36:12.762000,528.9
14:36:14.113000,529.0
14:36:15.014000,529.0
14:36:16.216000,529.0
14:36:17.116000,529.0
14:36:17.567000,528.9
14:36:19.219000,528.9
14:36:20.119000,528.9
14:36:20.870000,528.9
14:36:22.221000,528.9
14:36:22.912000,528.9
14:36:24.173000,528.9
14:36:24.924000,528.9
14:36:26.064000,528.9
14:36:26.725000,528.9
14:36:28.227000,528.9
14:36:29.128000,528.9
14:36:29.128000,528.9
14:36:29.128000,528.9
14:36:31.830000,528.9
14:36:33.332000,528.9
14:36:34.083000,529.0
14:36:35.284000,528.9
14:36:35.284000,528.9
14:36:37.086000,528.9
14:36:37.836000,528.9
14:36:39.038000,528.9
14:36:39.038000,528.9
14:36:41.290000,528.8
14:36:42.276000,528.7
14:36:43.242000,528.7
14:36:44.443000,528.7
14:36:45.194000,528.7
14:36:45.494000,528.7
14:36:47.446000,528.7
14:36:48.429000,528.7
14:36:49.330000,528.6
14:36:49.930000,528.6
14:36:50.899000,528.6
14:36:52.553000,528.6
14:36:53.233000,528.5
14:36:54.654000,528.5
14:36:55.555000,528.5
14:36:56.456000,528.5
14:36:57.056000,528.5
14:36:58.107000,528.5
14:36:59.458000,528.5
14:37:00.209000,528.5
14:37:01.561000,528.5
14:37:02.612000,528.5
14:37:03.363000,528.5
14:37:04.340000,528.5
14:37:05.615000,528.5
14:37:06.591000,528.4
14:37:07.417000,528.4
14:37:08.618000,528.5
14:37:09.669000,528.5
14:37:09.669000,528.5
14:37:11.321000,528.4
14:37:12.295000,528.4
14:37:13.646000,528.5
14:37:14.174000,528.5
14:37:15.676000,528.5
14:37:16.577000,528.5
14:37:17.027000,528.5
14:37:18.679000,528.4
14:37:18.979000,528.4
14:37:20.700000,528.4
14:37:21.381000,528.4
14:37:22.351000,528.5
14:37:23.783000,528.4
14:37:24.753000,528.4
14:37:25.884000,528.4
14:37:25.884000,528.4
14:37:27.754000,528.2
14:37:28.205000,528.2
14:37:29.938000,528.4
14:37:30.839000,528.4
14:37:31.890000,528.4
14:37:32.858000,528.4
14:37:33.842000,528.4
14:37:34.893000,528.4
14:37:35.944000,528.4
14:37:36.910000,528.4
14:37:37.896000,528.4
14:37:38.797000,528.5
14:37:39.998000,528.5
14:37:40.898000,528.6
14:37:41.649000,528.6
14:37:43.063000,528.5
14:37:44.051000,528.5
14:37:44.502000,528.5
14:37:45.615000,528.5
14:37:47.054000,528.5
14:37:47.504000,528.5
14:37:48.617000,528.4
14:37:50.118000,528.4
14:37:51.108000,528.4
14:37:52.220000,528.4
14:37:53.210000,528.4
14:37:54.171000,528.4
14:37:54.861000,528.4
14:37:55.612000,528.4
14:37:57.325000,528.4
14:37:58.223000,528.4
14:37:59.066000,528.4
14:38:00.117000,528.4
14:38:01.168000,528.4
14:38:01.768000,528.4
14:38:02.820000,528.4
14:38:03.720000,528.4
14:38:04.923000,528.4
14:38:06.274000,528.3
14:38:07.024000,528.4
14:38:07.475000,528.4
14:38:09.276000,528.4
14:38:10.327000,528.5
14:38:10.928000,528.5
14:38:12.279000,528.4
14:38:12.579000,528.5
14:38:12.579000,528.5
14:38:15.131000,528.5
14:38:16.333000,528.5
14:38:17.234000,528.5
14:38:18.135000,528.4
14:38:18.135000,528.4
14:38:20.387000,528.4
14:38:20.387000,528.5
14:38:22.489000,528.4
14:38:23.541000,528.2
14:38:24.441000,528.4
14:38:25.492000,528.4
14:38:26.290000,528.4
14:38:27.444000,528.4
14:38:28.542000,528.2
14:38:29.246000,528.2
14:38:30.642000,528.2
14:38:31.348000,528.2
14:38:32.549000,528.2
14:38:33.644000,528.1
14:38:34.395000,528.2
14:38:35.596000,528.2
14:38:36.303000,528.2
14:38:37.654000,528.2
14:38:38.597000,528.1
14:38:39.648000,528.1
14:38:40.699000,528.1
14:38:41.258000,528.1
14:38:42.309000,528.1
14:38:43.660000,528.1
14:38:44.712000,527.9
14:38:45.763000,527.9
14:38:46.514000,527.9
14:38:47.754000,527.9
14:38:48.766000,527.9
14:38:49.669000,527.9
14:38:50.720000,527.9
14:38:51.809000,527.8
14:38:52.822000,527.9
14:38:53.573000,527.9
14:38:54.810000,527.8
14:38:55.861000,527.8
14:38:56.912000,527.8
14:38:57.778000,527.8
14:38:58.829000,527.7
14:38:59.880000,527.7
14:39:00.966000,527.7
14:39:01.982000,527.6
14:39:02.884000,527.7
14:39:03.968000,527.8
14:39:04.987000,527.9
14:39:05.770000,527.8
14:39:06.939000,527.8
14:39:07.872000,527.8
14:39:08.740000,527.8
14:39:09.641000,527.8
14:39:11.024000,527.8
14:39:11.324000,527.8
14:39:13.095000,527.8
14:39:13.576000,527.8
14:39:15.047000,527.8
14:39:16.098000,527.8
14:39:16.728000,527.8
14:39:18.080000,527.9
14:39:18.803000,527.9
14:39:20.182000,528.0
14:39:20.632000,528.0
14:39:21.833000,528.1
14:39:22.257000,528.1
14:39:24.059000,528.1
14:39:24.659000,528.1
14:39:26.011000,528.1
14:39:27.088000,528.0
14:39:27.963000,528.0
14:39:29.164000,528.0
14:39:30.215000,527.9
14:39:31.443000,527.8
14:39:32.321000,527.8
14:39:32.943000,527.8
14:39:32.943000,527.9
14:39:35.345000,527.9
14:39:36.395000,527.9
14:39:37.297000,527.9
14:39:38.198000,527.8
14:39:39.379000,528.0
14:39:40.280000,528.0
14:39:40.280000,528.0
14:39:42.381000,527.9
14:39:43.452000,527.9
14:39:44.334000,527.9
14:39:44.952000,527.9
14:39:46.436000,527.9
14:39:47.487000,528.0
14:39:48.255000,527.9
14:39:48.705000,527.9
14:39:49.589000,527.9
14:39:51.541000,527.9
14:39:51.541000,527.9
14:39:53.659000,527.9
14:39:54.544000,528.0
14:39:55.595000,527.9
14:39:56.661000,527.9
14:39:57.562000,527.8
14:39:58.598000,527.8
14:39:59.663000,527.8
14:40:00.551000,527.7
14:40:01.622000,527.8
14:40:02.656000,527.8
14:40:03.718000,527.8
14:40:04.608000,527.8
14:40:05.359000,527.8
14:40:06.411000,527.8
14:40:07.612000,527.8
14:40:08.372000,527.8
14:40:09.715000,527.8
14:40:10.465000,527.9
14:40:11.517000,527.9
14:40:12.569000,527.9
14:40:13.620000,527.8
14:40:14.822000,528.1
14:40:15.728000,528.1
14:40:16.778000,528.1
14:40:17.525000,528.1
14:40:18.880000,528.1
14:40:19.778000,528.0
14:40:20.831000,528.1
14:40:21.879000,528.3
14:40:21.879000,528.3
14:40:23.833000,528.1
14:40:24.884000,528.3
14:40:25.634000,528.3
14:40:25.634000,528.3
14:40:27.887000,528.3
14:40:28.938000,528.2
14:40:29.989000,528.3
14:40:30.740000,528.2
14:40:31.945000,528.1
14:40:32.692000,528.3
14:40:33.893000,528.3
14:40:34.944000,528.3
14:40:35.995000,528.3
14:40:36.896000,528.3
14:40:37.644000,528.3
14:40:39,528.3
14:40:40.049000,528.3
14:40:41.100000,528.3
14:40:41.551000,528.3
14:40:43.052000,528.2
14:40:43.802000,528.2
14:40:45.154000,528.2
14:40:45.154000,528.2
14:40:46.806000,528.3
14:40:48.157000,528.2
14:40:49.208000,528.2
14:40:50.109000,528.2
14:40:50.410000,528.1
14:40:52.211000,528.1
14:40:52.211000,528.1
14:40:54.163000,528.1
14:40:54.463000,528.1
14:40:56.115000,527.9
14:40:57.318000,527.9
14:40:58.211000,527.9
14:40:59.120000,527.9
14:41:00.323000,527.8
14:41:01.365000,527.8
14:41:01.824000,527.8
14:41:03.015000,527.8
14:41:04.366000,527.8
14:41:05.278000,527.8
14:41:05.878000,527.8
14:41:07.380000,527.9
14:41:07.830000,528.0
14:41:09.332000,528.0
14:41:10.371000,528.0
14:41:11.283000,528.0
14:41:11.884000,527.9
14:41:13.373000,527.9
14:41:13.373000,527.9
14:41:15.338000,527.8
14:41:15.788000,527.8
14:41:16.989000,527.8
14:41:18.341000,527.8
14:41:19.541000,527.8
14:41:19.992000,527.8
14:41:21.494000,527.7
14:41:22.395000,527.8
14:41:23.296000,527.7
14:41:24.497000,527.8
14:41:24.797000,527.8
14:41:26.449000,527.8
14:41:27.650000,527.8
14:41:28.100000,527.8
14:41:29.302000,527.6
14:41:30.052000,527.6
14:41:31.688000,527.7
14:41:32.004000,527.7
14:41:33.656000,527.7
14:41:34.707000,527.6
14:41:35.758000,527.6
14:41:36.659000,527.8
14:41:37.710000,527.8
14:41:38.743000,527.8
14:41:39.812000,527.8
14:41:40.563000,527.6
14:41:41.745000,527.6
14:41:42.815000,527.6
14:41:43.716000,527.6
14:41:44.617000,527.6
14:41:45.818000,527.7
14:41:46.869000,527.7
14:41:47.770000,527.7
14:41:48.370000,527.7
14:41:49.872000,527.7
14:41:50.752000,527.7
14:41:51.373000,527.8
14:41:52.704000,527.8
14:41:53.927000,527.9
14:41:54.527000,527.9
14:41:55.728000,527.9
14:41:56.929000,527.9
14:41:57.830000,527.9
14:41:59.009000,528.0
14:41:59.932000,527.8
14:42:00.833000,527.8
14:42:02.034000,527.8
14:42:03.085000,527.8
14:42:03.686000,527.8
14:42:05.037000,528.1
14:42:06.089000,528.2
14:42:06.989000,528.1
14:42:07.890000,528.2
14:42:09.066000,528.1
14:42:10.143000,528.4
14:42:11.043000,528.4
14:42:11.945000,528.4
14:42:13.146000,528.3
14:42:14.047000,528.3
14:42:14.798000,528.3
14:42:15.699000,528.4
14:42:16.449000,528.3
14:42:18.252000,528.3
14:42:19.302000,528.3
14:42:19.903000,528.3
14:42:21.254000,528.3
14:42:22.155000,528.4
14:42:23.206000,528.3
14:42:23.656000,528.3
14:42:24.828000,528.3
14:42:26.029000,528.3
14:42:26.660000,528.3
14:42:28.462000,528.3
14:42:28.762000,528.3
14:42:29.963000,528.3
14:42:31.315000,528.3
14:42:32.366000,528.3
14:42:33.117000,528.3
14:42:34.168000,528.2
14:42:35.369000,528.1
14:42:36.420000,528.1
14:42:37.471000,528.1
14:42:38.372000,528.2
14:42:39.426000,528.0
14:42:40.325000,528.0
14:42:41.526000,528.1
14:42:42.427000,528.1
14:42:43.027000,528.1
14:42:44.530000,528.1
14:42:45.430000,528.1
14:42:46.031000,528.1
14:42:47.382000,528.2
14:42:48.547000,528.0
14:42:48.547000,528.0
14:42:50.535000,528.0
14:42:51.586000,528.1
14:42:51.736000,528.1
14:42:53.651000,528.1
14:42:54.702000,528.0
14:42:55.490000,528.0
14:42:56.691000,528.0
14:42:57.441000,528.0
14:42:58.493000,528.0
14:42:59.656000,528.1
14:43:00.707000,528.2
14:43:01.797000,528.3
14:43:02.547000,528.3
14:43:03.898000,528.1
14:43:04.799000,528.1
14:43:05.811000,528.1
14:43:06.561000,528.1
14:43:07.912000,528.1
14:43:09.003000,528.1
14:43:09.754000,528.0
14:43:09.754000,528.0
14:43:12.006000,528.1
14:43:12.907000,528.1
14:43:13.808000,528.1
14:43:14.258000,528.1
14:43:15.910000,528.1
14:43:16.919000,528.0
14:43:17.712000,528.0
14:43:18.466000,528.1
14:43:19.817000,528.1
14:43:20.971000,528.1
14:43:21.919000,528.1
14:43:23.120000,528.0
14:43:24.021000,528.0
14:43:24.274000,528.0
14:43:25.223000,528.0
14:43:27.127000,528.0
14:43:27.925000,528.1
14:43:28.676000,528.1
14:43:30.028000,528.0
14:43:31.179000,528.0
14:43:31.629000,528.0
14:43:33.130000,528.0
14:43:34.031000,528.0
14:43:35.132000,528.1
14:43:35.582000,528.1
14:43:37.085000,528.0
14:43:37.835000,528.0
14:43:38.436000,528.0
14:43:38.436000,528.0
14:43:41.288000,527.9
14:43:41.837000,527.9
14:43:42.940000,527.9
14:43:44.238000,527.9
14:43:45.193000,527.8
14:43:46.093000,527.9
14:43:47.446000,527.8
14:43:48.347000,527.8
14:43:49.193000,527.7
14:43:50.244000,527.7
14:43:51.350000,527.7
14:43:52.401000,527.7
14:43:52.401000,527.7
14:43:54.353000,527.6
14:43:55.404000,527.6
14:43:56.455000,527.6
14:43:57.300000,527.7
14:43:58.407000,527.8
14:43:59.459000,527.8
14:44:00.452000,527.8
14:44:01.561000,527.7
14:44:02.011000,527.6
14:44:03.213000,527.6
14:44:04.263000,527.6
14:44:05.106000,527.6
14:44:05.915000,527.6
14:44:07.657000,527.6
14:44:08.409000,527.7
14:44:09.759000,527.7
14:44:10.660000,527.8
14:44:11.621000,527.7
14:44:11.621000,527.7
14:44:13.425000,527.8
14:44:13.425000,527.8
14:44:14.775000,527.8
14:44:14.775000,527.8
14:44:14.775000,527.8
14:44:18.617000,527.9
14:44:19.879000,527.9
14:44:20.118000,527.7
14:44:21.019000,527.7
14:44:22.883000,527.7
14:44:23.783000,527.9
14:44:24.534000,527.9
14:44:24.534000,527.9
14:44:26.874000,527.8
14:44:27.087000,527.8
14:44:28.588000,527.8
14:44:29.727000,527.8
14:44:30.927000,527.8
14:44:31.977000,527.7
14:44:32.792000,527.7
14:44:33.843000,527.9
14:44:34.894000,527.9
14:44:35.945000,527.8
14:44:35.945000,527.8
14:44:38.047000,527.8
14:44:38.947000,527.8
14:44:38.947000,527.8
14:44:40.749000,527.8
14:44:40.749000,527.8
14:44:40.749000,527.8
14:44:44.137000,527.8
14:44:44.654000,527.8
14:44:46.005000,527.9
14:44:46.907000,527.8
14:44:47.807000,527.8
14:44:49.159000,527.8
14:44:49.159000,527.8
14:44:51.110000,527.8
14:44:52.312000,527.8
14:44:53.063000,527.8
14:44:54.348000,527.8
14:44:54.865000,527.8
14:44:55.547000,527.8
14:44:57.268000,527.8
14:44:58.318000,527.8
14:44:59.069000,527.8
14:45:00.422000,527.7
14:45:01.324000,527.7
14:45:02.453000,527.8
14:45:03.429000,527.9
14:45:04.329000,527.9
14:45:05.230000,527.9
14:45:05.830000,527.9
14:45:07.482000,527.9
14:45:07.932000,527.9
14:45:08.834000,527.9
14:45:10.335000,527.8
14:45:11.236000,527.8
14:45:12.437000,527.8
14:45:13.563000,528.0
14:45:14.539000,528.0
14:45:15.440000,527.8
14:45:16.565000,527.9
14:45:17.316000,527.9
14:45:18.443000,527.9
14:45:19.494000,527.9
14:45:20.094000,527.9
14:45:20.094000,527.9
14:45:22.647000,527.8
14:45:22.647000,527.8
14:45:22.647000,527.8
14:45:25.799000,527.8
14:45:26.700000,527.9
14:45:27.451000,527.9
14:45:28.653000,527.8
14:45:29.858000,527.8
14:45:30.376000,527.8
14:45:31.357000,527.8
14:45:32.628000,527.9
14:45:33.909000,527.9
14:45:34.660000,527.9
14:45:35.330000,528.0
14:45:36.912000,528.0
14:45:37.882000,527.9
14:45:38.864000,527.9
14:45:39.464000,527.9
14:45:40.064000,527.9
14:45:41.935000,528.0
14:45:42.686000,528.0
14:45:43.586000,527.9
14:45:44.719000,527.9
14:45:44.719000,527.9
14:45:46.671000,527.9
14:45:47.872000,527.9
14:45:48.390000,528.0
14:45:50.125000,528.0
14:45:50.725000,528.0
14:45:52.076000,528.0
14:45:52.977000,528.0
14:45:54.028000,528.0
14:45:54.629000,528.0
14:45:55.679000,528.0
14:45:56.880000,528.0
14:45:58.081000,527.9
14:45:59.132000,527.8
14:46:00.184000,527.8
14:46:01.235000,527.8
14:46:01.750000,527.8
14:46:03.187000,527.8
14:46:03.701000,527.8
14:46:05.288000,527.9
14:46:06.340000,528.0
14:46:06.640000,528.0
14:46:07.991000,528.0
14:46:08.742000,528.0
14:46:10.243000,528.0
14:46:10.844000,528.0
14:46:10.844000,528.0
14:46:13.246000,528.0
14:46:14.447000,528.0
14:46:15.348000,528.0
14:46:16.249000,528.0
14:46:17.449000,528.0
14:46:18.263000,528.0
14:46:18.863000,528.0
14:46:20.452000,528.2
14:46:21.503000,528.1
14:46:22.254000,528.2
14:46:23.004000,528.2
14:46:24.205000,528.2
14:46:24.656000,528.2
14:46:26.669000,528.2
14:46:27.658000,528.1
14:46:28.559000,528.2
14:46:29.310000,528.2
14:46:30.661000,528.2
14:46:31.412000,528.1
14:46:32.612000,528.2
14:46:33.213000,528.2
14:46:34.475000,528.2
14:46:35.676000,528.1
14:46:36.667000,528.0
14:46:37.718000,528.0
14:46:38.468000,528.0
14:46:39.219000,528.0
14:46:40.270000,528.0
14:46:41.771000,528.0
14:46:42.672000,528.0
14:46:43.873000,528.1
14:46:44.473000,528.1
14:46:44.473000,528.1
14:46:46.125000,528.1
14:46:47.026000,528.1
14:46:48.677000,528.1
14:46:49.728000,528.1
14:46:50.779000,528.1
14:46:51.680000,528.1
14:46:52.881000,528.0
14:46:53.932000,528.0
14:46:54.382000,528.0
14:46:55.641000,528.0
14:46:56.634000,528.0
14:46:57.535000,528.0
14:46:58.643000,528.1
14:47:00.087000,528.1
14:47:00.896000,528.0
14:47:01.589000,528.0
14:47:02.547000,528.0
14:47:03.992000,528.0
14:47:04.498000,528.0
14:47:06,528.1
14:47:06.846000,528.0
14:47:07.747000,528.0
14:47:09.099000,528.0
14:47:10.151000,528.1
14:47:11.202000,528.0
14:47:12.156000,528.0
14:47:13.154000,528.0
14:47:14.205000,528.0
14:47:15.106000,528.0
14:47:16.210000,528.1
14:47:17.059000,528.1
14:47:18.260000,528.0
14:47:18.560000,528.0
14:47:20.061000,528.0
14:47:21.112000,528.0
14:47:22.215000,528.1
14:47:23.364000,528.1
14:47:23.364000,528.1
14:47:25.066000,528.1
14:47:26.067000,528.0
14:47:27.118000,528.0
14:47:27.118000,528.0
14:47:29.220000,528.0
14:47:30.272000,528.0
14:47:31.322000,528.1
14:47:32.422000,528.1
14:47:33.124000,528.0
14:47:34.175000,528.0
14:47:34.625000,528.0
14:47:35.977000,528.0
14:47:37.178000,528.0
14:47:37.178000,528.1
14:47:39.328000,528.1
14:47:40.181000,528.1
14:47:41.082000,528.0
14:47:42.583000,527.9
14:47:43.334000,527.9
14:47:44.084000,527.9
14:47:45.586000,527.9
14:47:46.233000,528.0
14:47:47.433000,527.9
14:47:48.739000,528.0
14:47:49.189000,528.0
14:47:50.691000,527.9
14:47:51.591000,527.9
14:47:52.492000,527.9
14:47:53.588000,528.0
14:47:54.744000,527.9
14:47:55.689000,527.9
14:47:56.846000,527.9
14:47:57.447000,527.9
14:47:57.447000,527.9
14:47:59.549000,527.9
14:48:00.793000,527.9
14:48:01.952000,527.9
14:48:02.745000,528.0
14:48:03.754000,528.0
14:48:04.846000,528.0
14:48:05.897000,528.0
14:48:06.757000,528.0
14:48:06.907000,528.0
14:48:08.560000,528.0
14:48:10.061000,528.0
14:48:10.812000,528.1
14:48:11.863000,528.0
14:48:12.914000,528.0
14:48:13.965000,528.1
14:48:15.054000,528.0
14:48:15.617000,528.0
14:48:16.856000,528.0
14:48:17.419000,528.0
14:48:18.769000,528.0
14:48:19.820000,528.0
14:48:20.721000,528.0
14:48:21.622000,528.0
14:48:22.523000,527.9
14:48:24.212000,527.9
14:48:24.362000,527.9
14:48:26.276000,527.9
14:48:27.064000,528.0
14:48:28.265000,528.0
14:48:29.129000,528.0
14:48:30.216000,528.2
14:48:30.780000,528.2
14:48:31.681000,528.2
14:48:33.032000,528.2
14:48:34.383000,528.1
14:48:35.284000,528.1
14:48:36.371000,528.2
14:48:36.936000,528.1
14:48:37.986000,528.1
14:48:39.187000,528.1
14:48:40.239000,528.1
14:48:41.024000,528.1
14:48:41.890000,528.1
14:48:43.241000,528.1
14:48:44.477000,528.2
14:48:45.493000,528.3
14:48:46.129000,528.3
14:48:47.295000,528.3
14:48:47.295000,528.3
14:48:48.681000,528.3
14:48:50.031000,528.3
14:48:51.499000,528.3
14:48:51.799000,528.3
14:48:53.300000,528.3
14:48:54.051000,528.3
14:48:54.685000,528.3
14:48:56.637000,528.2
14:48:57.087000,528.2
14:48:58.105000,528.2
14:48:59.306000,528.2
14:49:00.658000,528.3
14:49:01.590000,528.3
14:49:02.491000,528.3
14:49:03.662000,528.3
14:49:04.563000,528.3
14:49:05.194000,528.3
14:49:05.914000,528.3
14:49:07.445000,528.2
14:49:07.445000,528.2
14:49:09.547000,528.3
14:49:10.869000,528.3
14:49:11.649000,528.3
14:49:12.850000,528.2
14:49:13.750000,528.4
14:49:14.772000,528.3
14:49:15.852000,528.3
14:49:16.574000,528.3
14:49:17.954000,528.3
14:49:18.977000,528.2
14:49:19.878000,528.3
14:49:20.630000,528.3
14:49:21.981000,528.3
14:49:22.732000,528.2
14:49:24.084000,528.0
14:49:24.834000,528.0
14:49:26.035000,528.2
14:49:27.086000,528.2
14:49:27.837000,528.2
14:49:29.064000,528.1
14:49:30.089000,528.1
14:49:30.990000,528.1
14:49:32.066000,528.1
14:49:33.092000,528.1
14:49:33.543000,528.1
14:49:34.894000,528.1
14:49:36.119000,528.1
14:49:37.146000,528.1
14:49:37.746000,528.1
14:49:39.121000,528.1
14:49:40.149000,528.1
14:49:40.750000,528.1
14:49:42.101000,528.1
14:49:42.701000,528.1
14:49:44.353000,528.1
14:49:45.404000,528.3
14:49:46.177000,528.3
14:49:46.177000,528.3
14:49:48.128000,528.2
14:49:49.157000,528.2
14:49:50.359000,528.2
14:49:51.409000,528.2
14:49:52.481000,528.3
14:49:53.231000,528.3
14:49:54.412000,528.2
14:49:54.432000,528.2
14:49:56.364000,528.2
14:49:57.435000,528.2
14:49:58.467000,528.2
14:49:59.385000,528.2
14:50:00.572000,528.2
14:50:01.489000,528.3
14:50:02.374000,528.2
14:50:03.125000,528.2
14:50:04.627000,528.2
14:50:05.228000,528.3
14:50:06.580000,528.3
14:50:07.331000,528.3
14:50:08.382000,528.2
14:50:09.733000,528.2
14:50:10.635000,528.4
14:50:11.546000,528.5
14:50:12.437000,528.6
14:50:13.488000,528.5
14:50:14.549000,528.5
14:50:15.749000,528.5
14:50:16.349000,528.4
14:50:17.092000,528.4
14:50:18.744000,528.4
14:50:19.345000,528.5
14:50:20.696000,528.5
14:50:21.448000,528.5
14:50:22.355000,528.5
14:50:23.405000,528.5
14:50:24.301000,528.5
14:50:25.802000,528.5
14:50:26.854000,528.5
14:50:27.604000,528.5
14:50:28.355000,528.5
14:50:29.256000,528.5
14:50:30.760000,528.5
14:50:31.659000,528.5
14:50:32.862000,528.5
14:50:32.862000,528.5
14:50:34.963000,528.5
14:50:35.263000,528.5
14:50:36.915000,528.5
14:50:37.966000,528.6
14:50:39.017000,528.6
14:50:40.068000,528.6
14:50:40.819000,528.6
14:50:41.870000,528.6
14:50:43.071000,528.5
14:50:43.969000,528.6
14:50:45.023000,528.6
14:50:46.225000,528.7
14:50:46.825000,528.7
14:50:48.173000,528.6
14:50:49.223000,528.8
14:50:50.128000,528.6
14:50:51.179000,528.6
14:50:52.230000,528.8
14:50:53.282000,528.8
14:50:54.182000,528.8
14:50:55.233000,528.7
14:50:56.134000,528.7
14:50:57.336000,528.7
14:50:58.236000,528.8
14:50:59.130000,528.7
14:51:00.188000,528.7
14:51:01.390000,528.7
14:51:02.141000,528.8
14:51:03.342000,528.8
14:51:04.243000,528.8
14:51:04.243000,528.8
14:51:06.336000,528.8
14:51:07.246000,528.7
14:51:08.438000,528.7
14:51:09.489000,528.7
14:51:10.399000,528.8
14:51:11.300000,528.8
14:51:12.350000,528.8
14:51:13.402000,528.8
14:51:14.152000,528.8
14:51:14.152000,528.8
14:51:16.104000,528.8
14:51:17.155000,528.8
14:51:18.357000,528.8
14:51:19.558000,528.8
14:51:20.158000,528.7
14:51:21.509000,528.8
14:51:22.260000,528.7
14:51:23.611000,528.7
14:51:24.662000,528.6
14:51:25.713000,528.7
14:51:26.614000,528.7
14:51:27.665000,528.7
14:51:28.565000,528.6
14:51:29.767000,528.6
14:51:30.367000,528.6
14:51:31.719000,528.6
14:51:32.169000,528.6
14:51:33.821000,528.6
14:51:34.722000,528.7
14:51:35.622000,528.7
14:51:36.373000,528.6
14:51:36.373000,528.7
14:51:38.310000,528.7
14:51:39.076000,528.7
14:51:40.727000,528.7
14:51:41.328000,528.7
14:51:42.829000,528.7
14:51:43.880000,528.6
14:51:44.931000,528.7
14:51:45.982000,528.7
14:51:46.132000,528.7
14:51:47.333000,528.7
14:51:48.385000,528.7
14:51:50.018000,528.7
14:51:50.637000,528.7
14:51:51.970000,528.6
14:51:53.042000,528.5
14:51:54.098000,528.5
14:51:55,528.5
14:51:55.901000,528.4
14:51:56.952000,528.5
14:51:58.282000,528.5
14:51:59.182000,528.5
14:51:59.655000,528.5
14:52:01.158000,528.4
14:52:01.758000,528.4
14:52:03.260000,528.4
14:52:04.133000,528.4
14:52:05.212000,528.4
14:52:06.114000,528.5
14:52:07.165000,528.4
14:52:08.216000,528.4
14:52:08.969000,528.4
14:52:10.169000,528.4
14:52:11.371000,528.5
14:52:11.971000,528.5
14:52:13.473000,528.4
14:52:14.374000,528.4
14:52:15.241000,528.4
14:52:16.025000,528.4
14:52:16.892000,528.4
14:52:18.278000,528.4
14:52:19.479000,528.4
14:52:20.381000,528.4
14:52:21.581000,528.4
14:52:22.483000,528.3
14:52:23.383000,528.4
14:52:24.135000,528.3
14:52:24.885000,528.3
14:52:26.499000,528.3
14:52:27.099000,528.3
14:52:27.738000,528.3
14:52:29.240000,528.3
14:52:30.592000,528.3
14:52:31.042000,528.3
14:52:32.396000,528.3
14:52:32.994000,528.3
14:52:34.496000,528.4
14:52:35.697000,528.4
14:52:36.598000,528.3
14:52:37.649000,528.3
14:52:37.799000,528.3
14:52:39.752000,528.3
14:52:40.611000,528.4
14:52:41.659000,528.5
14:52:42.756000,528.5
14:52:43.807000,528.6
14:52:44.708000,528.7
14:52:45.458000,528.7
14:52:46.359000,528.7
14:52:47.411000,528.7
14:52:48.762000,528.7
14:52:49.467000,528.7
14:52:50.965000,528.7
14:52:52.018000,528.7
14:52:52.666000,528.7
14:52:52.666000,528.7
14:52:52.666000,528.7
14:52:55.921000,528.7
14:52:56.821000,528.7
14:52:58.022000,528.7
14:52:58.973000,528.7
14:52:59.973000,528.6
14:53:00.930000,528.6
14:53:02.133000,528.5
14:53:02.582000,528.5
14:53:04.180000,528.6
14:53:04.836000,528.5
14:53:06.132000,528.5
14:53:06.883000,528.5
14:53:08.140000,528.5
14:53:08.891000,528.5
14:53:09.341000,528.5
14:53:10.693000,528.5
14:53:12.194000,528.5
14:53:13.188000,528.5
14:53:13.636000,528.5
14:53:15.288000,528.5
14:53:16.262000,528.4
14:53:17.159000,528.3
14:53:18.212000,528.3
14:53:19.193000,528.3
14:53:20.394000,528.3
14:53:21.217000,528.2
14:53:22.269000,528.3
14:53:23.400000,528.2
14:53:24.522000,528.2
14:53:25.423000,528.2
14:53:26.474000,528.1
14:53:27.525000,528.1
14:53:28.427000,528.0
14:53:29.405000,528.1
14:53:30.531000,528.1
14:53:31.433000,528.2
14:53:32.485000,528.2
14:53:33.236000,528.2
14:53:34.438000,528.0
14:53:35.562000,528.0
14:53:36.541000,528.0
14:53:37.593000,528.0
14:53:38.645000,528.0
14:53:39.699000,527.9
14:53:40.749000,528.0
14:53:41.500000,528.0
14:53:42.852000,528.0
14:53:43.755000,528.1
14:53:44.805000,528.0
14:53:45.622000,527.9
14:53:46.758000,527.9
14:53:47.273000,527.9
14:53:48.775000,527.9
14:53:49.762000,527.9
14:53:50.813000,527.9
14:53:51.414000,527.9
14:53:52.678000,527.9
14:53:53.817000,527.9
14:53:54.869000,527.9
14:53:55.620000,527.9
14:53:56.671000,527.8
14:53:57.874000,527.8
14:53:58.924000,527.7
14:53:59.525000,527.7
14:54:00.878000,527.9
14:54:02.082000,527.8
14:54:02.681000,527.8
14:54:03.938000,527.8
14:54:04.935000,527.8
14:54:05.536000,527.8
14:54:06.941000,527.8
14:54:08.144000,527.9
14:54:08.992000,527.9
14:54:09.645000,527.9
14:54:11.147000,528.0
14:54:11.847000,528.0
14:54:12.648000,528.0
14:54:13.949000,528.0
14:54:15.300000,528.0
14:54:15.753000,528.0
14:54:17.002000,528.1
14:54:18.203000,528.0
14:54:19.206000,528.0
14:54:19.806000,528.0
14:54:21.008000,528.0
14:54:22.256000,528.0
14:54:23.110000,528.0
14:54:24.312000,528.0
14:54:25.409000,528.0
14:54:26.264000,528.0
14:54:27.164000,528.0
14:54:28.368000,528.0
14:54:29.426000,527.9
14:54:30.020000,527.9
14:54:31.372000,527.8
14:54:31.716000,527.9
14:54:32.873000,527.9
14:54:34.525000,527.8
14:54:35.470000,527.8
14:54:36.371000,527.8
14:54:37.532000,527.7
14:54:38.283000,527.5
14:54:39.635000,527.5
14:54:40.536000,527.5
14:54:41.588000,527.6
14:54:42.378000,527.6
14:54:43.128000,527.5
14:54:44.592000,527.5
14:54:45.647000,527.8
14:54:46.430000,527.8
14:54:47.333000,527.8
14:54:48.650000,527.7
14:54:49.251000,527.7
14:54:50.753000,527.7
14:54:51.654000,527.8
14:54:52.706000,527.7
14:54:53.187000,527.7
14:54:54.358000,527.7
14:54:55.739000,527.7
14:54:56.761000,527.7
14:54:57.841000,527.7
14:54:58.743000,527.7
14:54:59.794000,527.3
14:55:00.844000,527.5
14:55:01.872000,527.3
14:55:02.798000,527.3
14:55:03.825000,527.5
14:55:04.903000,527.5
14:55:05.804000,527.6
14:55:06.681000,527.4
14:55:07.905000,527.5
14:55:08.806000,527.5
14:55:09.835000,527.5
14:55:10.285000,527.5
14:55:11.959000,527.5
14:55:13.010000,527.5
14:55:13.911000,527.4
14:55:15.092000,527.5
14:55:15.692000,527.5
14:55:17.044000,527.5
14:55:18.095000,527.5
14:55:18.996000,527.5
14:55:20.050000,527.6
14:55:21.118000,527.7
14:55:22.152000,527.5
14:55:23.054000,527.5
14:55:24.117000,527.6
14:55:24.555000,527.6
14:55:26.061000,527.6
14:55:27.120000,527.6
14:55:28.161000,527.6
14:55:29.062000,527.6
14:55:29.826000,527.6
14:55:31.178000,527.8
14:55:32.216000,527.8
14:55:32.967000,527.8
14:55:34.169000,527.8
14:55:35.220000,527.7
14:55:36.121000,527.8
14:55:36.571000,527.8
14:55:38.223000,527.8
14:55:38.674000,527.8
14:55:40.326000,527.8
14:55:41.228000,527.7
14:55:41.987000,527.7
14:55:43.330000,527.7
14:55:44.083000,527.8
14:55:45.133000,527.8
14:55:45.883000,527.8
14:55:47.391000,527.8
14:55:48.286000,527.8
14:55:49.342000,527.7
14:55:50.389000,527.8
14:55:51.439000,527.8
14:55:51.439000,527.7
14:55:53.242000,527.7
14:55:54.446000,527.8
14:55:55.345000,527.9
14:55:56.397000,527.8
14:55:57.446000,527.8
14:55:58.197000,527.8
14:55:59.399000,527.9
14:56:00.601000,528.0
14:56:01.653000,528.0
14:56:02.553000,528.0
14:56:03.455000,528.0
14:56:04.657000,528.0
14:56:05.701000,528.0
14:56:06.759000,528.0
14:56:07.660000,527.9
14:56:08.711000,528.0
14:56:09.763000,528.0
14:56:10.664000,528.0
14:56:11.715000,528.0
14:56:12.766000,528.0
14:56:13.667000,528.0
14:56:14.719000,528.1
14:56:15.770000,528.2
14:56:16.821000,528.1
14:56:17.722000,528.1
14:56:18.623000,528.1
14:56:18.923000,528.1
14:56:20.877000,528.0
14:56:21.777000,528.2
14:56:22.979000,528.0
14:56:23.880000,528.1
14:56:24.180000,528.1
14:56:25.983000,528.0
14:56:26.884000,528.1
14:56:27.774000,528.1
14:56:28.536000,528.0
14:56:29.887000,528.1
14:56:30.789000,528.0
14:56:32.123000,528.2
14:56:33.024000,528.2
14:56:33.942000,528.1
14:56:34.543000,528.1
14:56:35.594000,528.2
14:56:36.631000,528.2
14:56:37.231000,528.2
14:56:39.049000,528.2
14:56:40.101000,528.1
14:56:40.681000,528.1
14:56:41.904000,528.2
14:56:43.106000,528.0
14:56:44.007000,528.2
14:56:45.058000,528.2
14:56:46.109000,528.2
14:56:47.161000,528.2
14:56:48.191000,528.0
14:56:49.241000,528.0
14:56:49.866000,528.0
14:56:51.217000,528.2
14:56:52.269000,528.2
14:56:53.320000,528.2
14:56:54.221000,528.2
14:56:55.422000,528.1
14:56:56.173000,528.2
14:56:57.348000,528.0
14:56:58.426000,528.0
14:56:59.176000,528.1
14:57:00.379000,528.1
14:57:01.431000,528.1
14:57:02.483000,528.0
14:57:03.233000,528.0
14:57:04.135000,528.2
14:57:05.487000,528.2
14:57:06.539000,528.1
14:57:07.590000,528.1
14:57:08.341000,528.1
14:57:09.660000,528.2
14:57:10.444000,528.2
14:57:11.496000,528.2
14:57:12.547000,528.1
14:57:13.599000,528.1
14:57:14.650000,528.1
14:57:15.250000,528.2
14:57:16.753000,528.2
14:57:17.653000,528.2
14:57:18.554000,528.2
14:57:19.719000,528.2
14:57:20.806000,528.2
14:57:21.858000,528.2
14:57:22.721000,528.1
14:57:23.811000,528.2
14:57:24.712000,528.1
14:57:25.463000,528.2
14:57:26.214000,528.2
14:57:27.866000,528.1
14:57:28.766000,528.2
14:57:29.817000,528.2
14:57:30.869000,528.2
14:57:31.921000,528.1
14:57:32.975000,528.2
14:57:33.724000,528.2
14:57:34.926000,528.2
14:57:35.977000,528.0
14:57:36.878000,528.2
14:57:37.480000,528.2
14:57:38.982000,528.1
14:57:40.034000,528.0
14:57:40.935000,528.0
14:57:41.987000,528.1
14:57:43.039000,528.1
14:57:44.040000,528.0
14:57:44.992000,528.1
14:57:46.044000,528.2
14:57:47.095000,528.1
14:57:48.146000,528.1
14:57:49.197000,528.1
14:57:50.098000,528.0
14:57:50.999000,528.1
14:57:52.202000,528.1
14:57:52.802000,528.1
14:57:54.098000,528.0
14:57:55.205000,528.2
14:57:56.347000,528.0
14:57:57.309000,528.0
14:57:57.759000,528.0
14:57:59.263000,528.0
14:58:00.312000,528.1
14:58:01.066000,528.1
14:58:02.418000,528.1
14:58:03.318000,528.0
14:58:04.458000,528.2
14:58:05.421000,528.1
14:58:05.805000,528.1
14:58:07.456000,528.1
14:58:08.126000,528.2
14:58:09.408000,528.0
14:58:10.379000,528.2
14:58:11.430000,528.1
14:58:12.030000,528.1
14:58:13.533000,528.1
14:58:13.984000,528.1
14:58:15.636000,528.1
14:58:16.537000,528.2
14:58:16.987000,528.2
14:58:18.639000,528.0
14:58:19.390000,528.1
14:58:20.441000,528.2
14:58:21.571000,528.2
14:58:22.544000,528.3
14:58:22.694000,528.3
14:58:24.496000,528.2
14:58:25.625000,528.2
14:58:26.749000,528.2
14:58:27.650000,528.2
14:58:28.552000,528.2
14:58:29.152000,528.1
14:58:30.726000,528.2
14:58:31.408000,528.2
14:58:32.760000,528.2
14:58:33.732000,528.1
14:58:34.712000,528.2
14:58:35.164000,528.2
14:58:36.884000,528.2
14:58:37.566000,528.3
14:58:38.918000,528.3
14:58:39.819000,528.2
14:58:40.870000,528.2
14:58:41.922000,528.1
14:58:42.673000,528.1
14:58:43.486000,528.2
14:58:44.926000,528.2
14:58:45.978000,528.0
14:58:47.029000,528.1
14:58:47.780000,528.2
14:58:49.044000,528.2
14:58:50.033000,528.2
14:58:51.085000,528.3
14:58:51.746000,528.1
14:58:53.038000,528.3
14:58:54.090000,528.2
14:58:55.141000,528.2
14:58:55.893000,528.3
14:58:56.643000,528.3
14:58:58.145000,528.3
14:58:59.196000,528.2
14:59:00.150000,528.3
14:59:01.054000,528.1
14:59:02.058000,528.1
14:59:03.111000,528.1
14:59:04.204000,528.3
14:59:05.217000,528.4
14:59:06.156000,528.2
14:59:07.321000,528.5
14:59:08.222000,528.4
14:59:09.123000,528.5
14:59:10.365000,528.5
14:59:11.379000,528.6
14:59:12.285000,528.5
14:59:13.368000,528.7
14:59:14.387000,528.7
14:59:15.441000,528.7
14:59:16.371000,528.6
14:59:17.572000,528.7
14:59:18.446000,528.6
14:59:19.347000,528.6
14:59:20.118000,528.6
14:59:21.149000,528.6
14:59:22.221000,528.6
14:59:23.577000,528.5
14:59:24.604000,528.5
14:59:25.522000,528.4
14:59:26.557000,528.2
14:59:27.329000,528.2
14:59:28.530000,528.1
14:59:29.581000,528.2
14:59:30.633000,528.1
14:59:31.674000,528.0
14:59:32.423000,528.0
14:59:33.330000,528.0
14:59:34.230000,528.0
14:59:35.737000,528.0
14:59:35.882000,528.0
14:59:37.684000,527.9
14:59:38.441000,527.9
14:59:39.490000,527.9
14:59:40.693000,527.9
14:59:41.597000,528.0
14:59:42.648000,528.0
14:59:43.550000,527.9
14:59:44.752000,527.9
14:59:45.805000,528.0
14:59:46.857000,527.7
14:59:47.758000,527.7
14:59:47.758000,527.7
14:59:49.861000,527.9
14:59:50.918000,527.5
14:59:51.820000,527.6
14:59:53.023000,527.7
14:59:53.323000,527.6
14:59:54.378000,527.6
14:59:56.031000,527.5
14:59:56.782000,527.5
14:59:57.231000,527.5
14:59:58.586000,527.2
14:59:59.791000,527.2
14:59:59.791000,527.2
14:59:59.791000,527.2
